{
 "meta": {
  "trained": "2026-07-02",
  "samples": 2083,
  "clean": 1532,
  "val_run": "v72_good",
  "val_mae_ms": 68.8,
  "slip_cap": 0.05,
  "note": "dt=exp(MLP([spd/500,rem] norm)); slip=sigmoid(lin)"
 },
 "dt_mlp": {
  "mu": [
   0.7776694214876039,
   0.5467683471074383
  ],
  "sd": [
   0.09668664561430423,
   0.26309404530137664
  ],
  "W1": [
   [
    -0.13585665299378502,
    -1.0562057375403806,
    -0.7068308465351831,
    0.5263972001213462,
    -1.8904973534754863,
    -0.6759987087618834,
    -0.21611162111970864,
    -0.10333031699440658,
    -0.10690654662618324,
    -0.8098059317249174,
    0.4709074191932931,
    -0.015303386998947698,
    0.17890741022185758,
    1.0230834751284363,
    8.154891181515948,
    -2.1522170473033726
   ],
   [
    0.03525009776054669,
    -3.417732088304985,
    1.5425475163298885,
    0.0013171216727197097,
    2.0734934906292986,
    -0.9739620187323422,
    0.3040972602318587,
    0.12139581445039008,
    0.11016750939672759,
    0.19544171068543814,
    0.1363385511910713,
    -1.2229848423784957,
    -0.06339400034700765,
    -0.42924645789022625,
    3.3095981538342443,
    -1.1778057005455984
   ]
  ],
  "b1": [
   0.3042334681297746,
   -0.09647984319806664,
   -1.2615563262434175,
   -0.35594050496228485,
   -0.19392532725447004,
   0.3417023723016824,
   0.3879443969943854,
   0.4374293487031897,
   0.3971357412351995,
   -0.4643780675490813,
   -0.5134877192739401,
   1.0077060678094967,
   -0.3205093205182168,
   0.29143385638839076,
   -0.3114276155050021,
   -0.3169355293139278
  ],
  "W2": [
   [
    -0.7018221949336478,
    -0.7657844884554874,
    -0.2248162528860914,
    2.33102784763817,
    0.2550016314637806,
    -0.6994595356016569,
    -0.22145782827418425,
    1.0890826130775562,
    0.6032927702539602,
    -0.08129199874818303,
    -0.7623851922161992,
    0.5770963705398022,
    0.4013197032057573,
    -0.21883918009734646,
    -0.06169171868798865,
    -0.1426001319729889
   ],
   [
    0.703901589188827,
    0.03215830292317245,
    0.44203568904363527,
    0.08174431676862041,
    -0.4923135976512277,
    -0.19497042552603938,
    1.0007641331895334,
    -0.9517389750126278,
    1.2529918704340208,
    1.513364471056553,
    -0.35539473001670746,
    -0.18913744517062628,
    -1.2784420553983251,
    0.13734152530985008,
    -1.1110658460020253,
    0.4473567299636258
   ],
   [
    -0.10800261143155088,
    0.25926633217344036,
    -1.0162304422727872,
    -3.6499403553832654,
    -0.17175404738992248,
    0.15723455073372905,
    -1.2518189044272638,
    -1.5979063588154727,
    -2.0148337966565957,
    2.196837105326722,
    -1.1226335376847072,
    0.0707824503562374,
    -0.4201367295641524,
    0.1760785174284157,
    2.2098947337647177,
    -0.6355162339695692
   ],
   [
    0.5704882834738675,
    -0.16711359106912033,
    0.4203798809827725,
    -2.4376509911526276,
    -0.8775173556914178,
    0.5871806140251435,
    -0.5221951772210981,
    -1.1449175009699455,
    0.3454839089582674,
    0.1944735446795364,
    1.1383838664343389,
    -0.2204513165936163,
    -0.5631866374652351,
    0.23695738479785358,
    -0.2814303387466162,
    -1.3033438606443843
   ],
   [
    -0.30854027726817396,
    -0.09278047046589813,
    1.2838956883399406,
    1.5423994121323459,
    -0.11839257633946014,
    1.2383738602608425,
    0.40286334793843803,
    1.3445066704128914,
    1.1236173540750123,
    0.7986423819209222,
    -2.1881945742435525,
    0.03149223417101069,
    0.3457997790023724,
    -0.6740137984049517,
    0.01189898452824084,
    0.3568558898297367
   ],
   [
    -0.4441207243553707,
    -0.9320502385697874,
    -0.791388664358708,
    0.9857045823815054,
    0.378157339943256,
    -0.5297494307659617,
    0.4656641035769291,
    0.6261258811653467,
    0.20952802116295452,
    0.3741780586355733,
    -1.1087349594831626,
    0.7012306819173031,
    0.7457296722790662,
    -0.0055483078321306245,
    0.7771553157028555,
    -1.2966398876195198
   ],
   [
    -0.7916866916742266,
    -0.9100938851952254,
    -0.13763017239681802,
    0.23368988253316597,
    0.8108655749958449,
    -0.3679748941240104,
    -0.1730023781082111,
    -0.19840006087226253,
    -0.14093891621807572,
    0.08443297716376537,
    0.7963617531453251,
    2.7427772076724595,
    0.6285810638495648,
    -0.9023163000633976,
    -1.4180183797965005,
    -0.23744789313259668
   ],
   [
    -1.043316211111754,
    -0.7913550932682202,
    -0.7256530094665814,
    1.282343291104935,
    0.9571609560593957,
    -0.33408866506167906,
    0.03653881586844136,
    0.07880660698682523,
    -0.4762034591231408,
    -0.8788701330372433,
    -0.46115523242592243,
    1.3836038384566909,
    0.5684157444222999,
    0.016359260239654883,
    -1.1615559117198841,
    -1.293746385495402
   ],
   [
    -1.1254593466583969,
    -0.7410966461827843,
    0.5344634034517052,
    1.063344084248807,
    0.8253843671129087,
    -0.82754237525947,
    0.8660413576796294,
    1.0064768253908265,
    0.5562447297266374,
    -0.6295994469353781,
    -0.9439786769336226,
    0.6017630218374652,
    0.2487601855371501,
    -1.152602197957235,
    -1.7721733307025467,
    -0.6118913369158904
   ],
   [
    1.7003849086000709,
    -0.14132984274069663,
    0.8614436703348864,
    1.2992506943451967,
    0.44215657320819285,
    -0.18249496121455266,
    -2.998129712573962,
    1.2313612028313843,
    -1.364066752150296,
    1.9099055510992164,
    0.5240886261655098,
    -1.3061537841904118,
    -1.1216797016564928,
    1.298598098390472,
    1.3353658476788781,
    -0.5038348774215693
   ],
   [
    0.0733794329007426,
    0.8665214486050097,
    0.13533623626657662,
    -3.5678101452843975,
    0.09244382155757763,
    0.15075108318828448,
    0.02962435869344171,
    -1.5839563116928765,
    0.19628737717584188,
    0.33355098850041887,
    1.3106517536260325,
    0.2048401050454028,
    -1.3498284008021328,
    0.16082577847635982,
    0.34069222537483956,
    -1.2243569708549917
   ],
   [
    0.06666474930958213,
    0.0009334788835119354,
    2.3573182080092927,
    0.14610895951589228,
    0.09721251600584996,
    0.07247093207928622,
    2.547787920229622,
    2.759430347333433,
    2.4857252566740975,
    0.2600257932039118,
    -1.0857209746877037,
    -0.21678964324934294,
    -0.3540481805632117,
    0.06900594278082306,
    0.4191846311014369,
    0.5808690375781224
   ],
   [
    0.4927636026063322,
    0.3820076630342559,
    1.9209651723098577,
    -1.4054719469042285,
    -0.7353908170977799,
    0.12126485161502656,
    -1.195424980862347,
    -1.5318945581882966,
    -0.434649249557761,
    0.915276786847168,
    0.5749685127332876,
    -0.5830301348055431,
    -1.4388029295919524,
    0.27294917214501113,
    0.2941262218064908,
    -0.2631731171319882
   ],
   [
    -1.213302244022033,
    -0.008492955456476266,
    -1.7963380953176968,
    -2.383880472575268,
    1.3311170571007862,
    -0.5064297148094263,
    1.9632373294715075,
    -0.10037749859932742,
    4.0430454284953825,
    -1.6985564681584462,
    -0.4948506500475666,
    0.7745403960875292,
    1.258979403869944,
    -0.9558472242758008,
    -0.4680751668226737,
    1.0569317297103655
   ],
   [
    0.22812569313932862,
    -1.1423590451316765,
    0.05547433028035576,
    -1.1966534467470922,
    -0.06014673244061391,
    -0.8692738888371687,
    -2.353383405093303,
    0.14780917188067108,
    -2.481464017423993,
    0.7636058527460386,
    -0.3817061852850423,
    0.24484311396322322,
    0.10951474763943744,
    0.3173762200637718,
    -3.6969883285263996,
    0.4531849020823273
   ],
   [
    -0.04517399190779744,
    1.5061092287633986,
    1.1623340761722165,
    -0.31267598640431804,
    -0.8051967335994159,
    -0.19198835635607459,
    3.5180604849451727,
    0.04909709659766415,
    3.7226903461465013,
    -1.40394886531201,
    0.8000478615627786,
    -0.3965516785421363,
    -0.7415568428640336,
