{
 "meta": {
  "trained": "2026-07-07",
  "samples": 5812,
  "clean": 4696,
  "val_run": "v23_slow",
  "val_mae_ms": 247.7,
  "slip_cap": 0.05,
  "note": "v23 SLOW20; dt_target=650; safe_cap 140+55rem (V195->V140)"
 },
 "dt_mlp": {
  "mu": [
   0.7134533993696408,
   0.5240272624943718
  ],
  "sd": [
   0.15955536645390817,
   0.2651048818910251
  ],
  "W1": [
   [
    -0.22932148264247723,
    0.9265160216062106,
    0.7787735829533544,
    0.3764916129473054,
    -1.7062155204201732,
    -0.6970272048751884,
    -0.9697877550653224,
    0.4694144818475606,
    -0.5152709728829105,
    -0.27722695585013435,
    0.32243009471622286,
    1.1123355774071655,
    0.2902376472767815,
    2.269470376360673,
    0.22730550888501613,
    -1.6910352986645587
   ],
   [
    0.05221299071898082,
    -2.6529377859213836,
    0.6910117868303461,
    0.021206884094562135,
    1.3888754428917052,
    -1.2419900870292035,
    0.5197454218819162,
    -0.22990233605026103,
    -0.04629775451398934,
    -0.21739959542684592,
    0.0651591435281048,
    2.773666618985835,
    0.518572051424473,
    -0.6848039766360886,
    1.574779235629735,
    -0.3418776080299877
   ]
  ],
  "b1": [
   0.40078850589692333,
   -0.10424233201111871,
   -1.056770891022473,
   -0.3835790644053181,
   0.8529077228409957,
   0.4972355668681521,
   0.42949761772834355,
   0.4678232386174987,
   0.4170327673402114,
   -0.49732386509072857,
   -0.43907522845712316,
   -0.3361208365576377,
   -0.33238060253807483,
   0.34924187008940094,
   -1.39377667921851,
   -0.6922449845040728
  ],
  "W2": [
   [
    -0.6878372136882457,
    -0.9374621453866302,
    0.6399781686595621,
    1.0785101038001437,
    0.5763911985464437,
    -0.6772460188419732,
    -1.105053450273988,
    1.2057330631192151,
    0.11752227857788251,
    -0.13415613943012972,
    -0.7585602922358287,
    0.4716677904013744,
    0.4625394375058389,
    -0.8134210357465375,
    0.4477792699482467,
    0.3924543896314358
   ],
   [
    0.5630369406743193,
    0.34968461560583447,
    -1.7763907173271496,
    -3.8270587125060382,
    -0.9613936975017763,
    -0.6514334191237001,
    0.6562023682912744,
    -1.0754331558665138,
    0.8193588451310908,
    1.1346328506552503,
    -0.47854257654754007,
    -0.24653147488808436,
    -0.8581830727558858,
    1.152750131591006,
    0.007491844966366315,
    0.15190156537451066
   ],
   [
    0.7343602938614836,
    0.5270774631677014,
    0.1359650188766623,
    -3.250854810926643,
    0.06791870404625515,
    0.36999650049432453,
    -1.0849454479883676,
    -1.1597867869173155,
    -0.10634127967138232,
    -0.1292211097446855,
    -0.24545333680893286,
    0.2663514752167774,
    -0.3760637953055426,
    2.0998853871925394,
    0.017844679458296223,
    0.09333985146394376
   ],
   [
    0.6550085827946942,
    0.0461326577810795,
    -0.21110771904508072,
    -0.4363991271582529,
    -1.0973917464416703,
    0.5289340302344857,
    0.32532315606270656,
    -0.8562280006565182,
    0.40590345261556654,
    0.6445341686796914,
    0.8400989014670638,
    -0.33604131456848385,
    -0.6030270077689162,
    1.1269724397247243,
    -0.8344502910809283,
    -1.1368315238905577
   ],
   [
    -0.5358822139652621,
    -0.015007390523863481,
    -0.3026565249674013,
    -1.5958345274122603,
    0.05754769795689278,
    0.5396958977661872,
    -1.1295339319355127,
    0.3801673775258759,
    -0.21830819805903773,
    0.0002948150344424649,
    -0.054754094242027075,
    -0.19728857997743252,
    0.1944434615225121,
    -4.838669304865886,
    3.232062815950615,
    -0.30999086199287057
   ],
   [
    -0.6132665184219264,
    -1.337382835303462,
    -0.161348316831874,
    1.5237452491159948,
    0.5319634078043887,
    -0.24772812441277622,
    0.9971994905078924,
    0.32876942376249907,
    -1.2172622318703543,
    0.05403709131027615,
    0.16568388119820185,
    0.37021216530579093,
    0.7950585401652986,
    -1.1820996134675112,
    1.846996924408951,
    -0.824323182449082
   ],
   [
    -0.5432141572076239,
    -0.6068389558087146,
    0.8276934392314486,
    -2.1033653222142847,
    0.9314921032612921,
    -0.11327338843128328,
    -2.1295488868418646,
    0.06423858707336465,
    -1.9353132806942235,
    0.10987173774888072,
    0.8720037477583922,
    1.4909850363534876,
    0.41913102202492336,
    -1.8029236331263612,
    -0.8478104576093651,
    0.9484172514863136
   ],
   [
    -1.0514605179826773,
    -0.6289233792896401,
    0.025575211403591248,
    1.5235029052389053,
    0.9319888669767932,
    -0.16934331138435502,
    0.7937386449215381,
    -0.20577673918281067,
    -1.522680780730966,
    -0.7937478855466426,
    -0.3306901088508107,
    1.4081334806037031,
    0.4072290078306999,
    -0.10533166823029975,
    0.5118103065178552,
    -1.7089947890585466
   ],
   [
    -0.8695247065104948,
    -0.6393219779076225,
    1.0051560118982676,
    -0.5844981801556492,
    0.8780908534192551,
    -0.8552633388393878,
    0.34658855918241555,
    1.0862213216686332,
    -0.24216426682378375,
    -0.27195303934338816,
    -0.8131536115591901,
    0.4877828059290863,
    0.052406302445742056,
    -1.8868308250656858,
    -0.7365551188304967,
    0.30860021810879595
   ],
   [
    1.3424199356167401,
    -0.02992502630281737,
    -1.3760894248170366,
    -0.06491759779182511,
    0.7806078633163861,
    -0.029536428829090196,
    -3.0950402795047025,
    -0.047345861919720136,
    0.9412991294679377,
    1.076554748627027,
    0.07155295454026811,
    -1.2642652458898473,
    -0.6062994610038152,
    1.2000939521782368,
    1.0249421833771604,
    0.9779013427830475
   ],
   [
    0.2115302303791648,
    1.115137003144491,
    -0.48131607765214796,
    -0.6973918315672574,
    -0.16758191931729377,
    0.11173711238779663,
    0.5144580389657439,
    -0.9611363805422943,
    0.08104062414554702,
    1.0028615239077612,
    0.5584903899088103,
    0.03390650286052829,
    -1.3983841011889173,
    1.257634082448658,
    -0.49169676389795364,
    -1.107875567332414
   ],
   [
    -0.7174765735804758,
    -0.1663768695430268,
    0.8568520835991846,
    -0.9115732328501563,
    0.02022549631746244,
    -0.04913426821813476,
    -1.228303338859843,
    1.6759905356169669,
    1.8839821541934385,
    0.7544781055557093,
    -0.04187864235833056,
    0.9597360467821774,
    -0.015258857675412909,
    1.619585948109169,
    -0.7288564222611235,
    -1.1915366605647064
   ],
   [
    0.4766583472735029,
    0.6011657616227873,
    1.4624917232857757,
    -1.1372745535590134,
    -0.8560409734545178,
    0.20760032832248082,
    -0.9239764911114323,
    -0.984590417093858,
    0.011571966286974156,
    0.7630063691927881,
    -0.04084306162552487,
    -0.525307680247766,
    -1.4199498768586727,
    0.9852081551988336,
    -0.7931829696120386,
    -0.3648798337528339
   ],
   [
    -0.7880160162585108,
    -0.8509919747306054,
    -1.3746999784690412,
    -2.892504269724607,
    1.5828733249934301,
    -0.503613679607916,
    0.6909255763496348,
    2.477501577881497,
    1.1928793976168055,
    -0.6373488844575252,
    -0.6754948322795058,
    0.33026171806645127,
    1.5173180546483462,
    -1.3971004302685464,
    0.07342452739799109,
    2.659611566115806
   ],
   [
    0.12326919255722908,
    -0.15641525555995192,
    1.8685672539199745,
    -4.4308512384023055,
    -0.19312546949639306,
    -0.001232440237933073,
    -0.06359007106584233,
    -0.24579867459308535,
    2.40741056813595,
    -0.25130708122017426,
    -1.0293774308292432,
    0.17520328804217908,
    0.04279658761813842,
    2.5440601307825057,
    -2.7335711608454005,
    0.40943356583862583
   ],
   [
    0.3143627374124513,
    2.716304525807271,
    1.4148627487416663,
    1.395189018068698,
    -1.599107962177562,
    -0.5794174718329819,
    0.31866746827237524,
    -0.6690535077822922,
    1.4390363552822216,
    -0.7864475685313682,
    0.735810896733443,
    0.5473739524991086,
    -2.2782483501659967,
